heuristica,criterio,peso,operadores,replica,beneficio,mwPerdidos,mwDesperdiciados,tiempoMs,pasos
H1:beneficio,H1,0,MOVER_ASIGNAR,0,1273879.90,467.53,824.26,2,1
H1:beneficio,H1,0,MOVER_ASIGNAR,1,1141153.60,450.18,1326.67,0,1
H1:beneficio,H1,0,MOVER_ASIGNAR,2,1266952.60,466.01,835.64,1,1
H1:beneficio,H1,0,MOVER_ASIGNAR,3,1171162.90,467.35,625.62,1,1
H1:beneficio,H1,0,MOVER_ASIGNAR,4,1213620.50,515.53,647.22,1,1
H1:beneficio,H1,0,MOVER_ASIGNAR,5,1251815.90,513.00,863.30,0,1
H1:beneficio,H1,0,MOVER_ASIGNAR,6,1218324.50,586.15,678.41,0,1
H1:beneficio,H1,0,MOVER_ASIGNAR,7,1146905.80,482.22,767.66,0,1
H1:beneficio,H1,0,MOVER_ASIGNAR,8,1197526.50,448.95,785.62,1,1
H1:beneficio,H1,0,MOVER_ASIGNAR,9,1195219.40,501.89,938.81,0,1
H2:perdidas(1.0),H2,1.0,MOVER_ASIGNAR,0,1282069.40,458.61,809.37,56,22
H2:perdidas(1.0),H2,1.0,MOVER_ASIGNAR,1,1159736.60,448.27,1283.35,16,24
H2:perdidas(1.0),H2,1.0,MOVER_ASIGNAR,2,1283898.10,463.59,801.99,15,16
H2:perdidas(1.0),H2,1.0,MOVER_ASIGNAR,3,1171162.90,464.63,625.62,2,2
H2:perdidas(1.0),H2,1.0,MOVER_ASIGNAR,4,1222196.00,515.28,626.77,10,7
H2:perdidas(1.0),H2,1.0,MOVER_ASIGNAR,5,1251815.90,508.47,863.30,4,5
H2:perdidas(1.0),H2,1.0,MOVER_ASIGNAR,6,1218324.50,586.15,678.41,0,1
H2:perdidas(1.0),H2,1.0,MOVER_ASIGNAR,7,1146905.80,482.22,767.66,0,1
H2:perdidas(1.0),H2,1.0,MOVER_ASIGNAR,8,1197526.50,442.93,785.62,5,5
H2:perdidas(1.0),H2,1.0,MOVER_ASIGNAR,9,1208298.40,503.86,904.07,4,7
H2:perdidas(10.0),H2,10.0,MOVER_ASIGNAR,0,1282069.40,458.61,809.37,45,22
H2:perdidas(10.0),H2,10.0,MOVER_ASIGNAR,1,1159736.60,448.27,1283.35,11,24
H2:perdidas(10.0),H2,10.0,MOVER_ASIGNAR,2,1283898.10,463.59,801.99,18,16
H2:perdidas(10.0),H2,10.0,MOVER_ASIGNAR,3,1171162.90,464.63,625.62,1,2
H2:perdidas(10.0),H2,10.0,MOVER_ASIGNAR,4,1222196.00,515.28,626.77,8,7
H2:perdidas(10.0),H2,10.0,MOVER_ASIGNAR,5,1251815.90,508.47,863.30,4,5
H2:perdidas(10.0),H2,10.0,MOVER_ASIGNAR,6,1218324.50,586.15,678.41,0,1
H2:perdidas(10.0),H2,10.0,MOVER_ASIGNAR,7,1146905.80,482.22,767.66,0,1
H2:perdidas(10.0),H2,10.0,MOVER_ASIGNAR,8,1197526.50,442.93,785.62,7,5
H2:perdidas(10.0),H2,10.0,MOVER_ASIGNAR,9,1208298.40,503.86,904.07,4,7
H2:perdidas(50.0),H2,50.0,MOVER_ASIGNAR,0,1282069.40,458.61,809.37,50,22
H2:perdidas(50.0),H2,50.0,MOVER_ASIGNAR,1,1159736.60,448.27,1283.35,13,24
H2:perdidas(50.0),H2,50.0,MOVER_ASIGNAR,2,1283898.10,463.59,801.99,15,16
H2:perdidas(50.0),H2,50.0,MOVER_ASIGNAR,3,1171162.90,464.63,625.62,2,2
H2:perdidas(50.0),H2,50.0,MOVER_ASIGNAR,4,1222196.00,515.28,626.77,11,7
H2:perdidas(50.0),H2,50.0,MOVER_ASIGNAR,5,1251815.90,508.47,863.30,5,5
H2:perdidas(50.0),H2,50.0,MOVER_ASIGNAR,6,1218324.50,586.15,678.41,0,1
H2:perdidas(50.0),H2,50.0,MOVER_ASIGNAR,7,1146905.80,482.22,767.66,0,1
H2:perdidas(50.0),H2,50.0,MOVER_ASIGNAR,8,1197526.50,442.93,785.62,6,5
H2:perdidas(50.0),H2,50.0,MOVER_ASIGNAR,9,1208298.40,503.86,904.07,4,7
H2:perdidas(200.0),H2,200.0,MOVER_ASIGNAR,0,1282069.40,458.61,809.37,47,22
H2:perdidas(200.0),H2,200.0,MOVER_ASIGNAR,1,1159736.60,448.27,1283.35,17,24
H2:perdidas(200.0),H2,200.0,MOVER_ASIGNAR,2,1283898.10,463.59,801.99,16,16
H2:perdidas(200.0),H2,200.0,MOVER_ASIGNAR,3,1171162.90,464.63,625.62,1,2
H2:perdidas(200.0),H2,200.0,MOVER_ASIGNAR,4,1222196.00,515.28,626.77,11,7
H2:perdidas(200.0),H2,200.0,MOVER_ASIGNAR,5,1251815.90,508.47,863.30,5,5
H2:perdidas(200.0),H2,200.0,MOVER_ASIGNAR,6,1218324.50,586.15,678.41,0,1
H2:perdidas(200.0),H2,200.0,MOVER_ASIGNAR,7,1146905.80,482.22,767.66,1,1
H2:perdidas(200.0),H2,200.0,MOVER_ASIGNAR,8,1197526.50,442.93,785.62,6,5
H2:perdidas(200.0),H2,200.0,MOVER_ASIGNAR,9,1208259.90,503.47,904.14,6,7
H3:ociosa(1.0),H3,1.0,MOVER_ASIGNAR,0,1371311.40,598.69,617.65,515,211
H3:ociosa(1.0),H3,1.0,MOVER_ASIGNAR,1,1247280.10,572.93,1084.78,122,202
H3:ociosa(1.0),H3,1.0,MOVER_ASIGNAR,2,1386829.10,553.71,564.69,111,120
H3:ociosa(1.0),H3,1.0,MOVER_ASIGNAR,3,1211037.90,523.16,533.80,46,48
H3:ociosa(1.0),H3,1.0,MOVER_ASIGNAR,4,1246009.50,537.79,578.20,70,47
H3:ociosa(1.0),H3,1.0,MOVER_ASIGNAR,5,1325888.40,593.03,694.89,182,142
H3:ociosa(1.0),H3,1.0,MOVER_ASIGNAR,6,1241188.00,620.37,631.86,37,42
H3:ociosa(1.0),H3,1.0,MOVER_ASIGNAR,7,1176137.30,505.72,702.83,23,33
H3:ociosa(1.0),H3,1.0,MOVER_ASIGNAR,8,1289623.50,536.21,568.78,221,154
H3:ociosa(1.0),H3,1.0,MOVER_ASIGNAR,9,1291874.90,625.02,721.96,194,242
H3:ociosa(10.0),H3,10.0,MOVER_ASIGNAR,0,1371651.90,598.59,615.50,467,209
H3:ociosa(10.0),H3,10.0,MOVER_ASIGNAR,1,1247280.10,572.93,1084.78,120,202
H3:ociosa(10.0),H3,10.0,MOVER_ASIGNAR,2,1386829.10,553.71,564.69,108,120
H3:ociosa(10.0),H3,10.0,MOVER_ASIGNAR,3,1211037.90,523.16,533.80,44,48
H3:ociosa(10.0),H3,10.0,MOVER_ASIGNAR,4,1246009.50,537.79,578.20,62,47
H3:ociosa(10.0),H3,10.0,MOVER_ASIGNAR,5,1325888.40,593.03,694.89,144,142
H3:ociosa(10.0),H3,10.0,MOVER_ASIGNAR,6,1241188.00,620.37,631.86,35,42
H3:ociosa(10.0),H3,10.0,MOVER_ASIGNAR,7,1176137.30,505.72,702.83,16,33
H3:ociosa(10.0),H3,10.0,MOVER_ASIGNAR,8,1286511.00,538.27,578.37,221,157
H3:ociosa(10.0),H3,10.0,MOVER_ASIGNAR,9,1291874.90,625.02,721.96,200,242
H3:ociosa(50.0),H3,50.0,MOVER_ASIGNAR,0,1371636.40,598.65,614.93,495,209
H3:ociosa(50.0),H3,50.0,MOVER_ASIGNAR,1,1247560.10,572.78,1084.16,122,200
H3:ociosa(50.0),H3,50.0,MOVER_ASIGNAR,2,1386816.10,553.75,564.33,106,120
H3:ociosa(50.0),H3,50.0,MOVER_ASIGNAR,3,1210541.40,523.44,534.65,45,47
H3:ociosa(50.0),H3,50.0,MOVER_ASIGNAR,4,1246009.50,537.79,578.20,69,47
H3:ociosa(50.0),H3,50.0,MOVER_ASIGNAR,5,1325794.90,592.85,695.06,173,142
H3:ociosa(50.0),H3,50.0,MOVER_ASIGNAR,6,1241188.00,620.37,631.86,37,42
H3:ociosa(50.0),H3,50.0,MOVER_ASIGNAR,7,1175545.30,506.45,703.39,18,33
H3:ociosa(50.0),H3,50.0,MOVER_ASIGNAR,8,1287347.00,538.44,576.85,222,158
H3:ociosa(50.0),H3,50.0,MOVER_ASIGNAR,9,1291874.90,625.02,721.96,203,242
H3:ociosa(200.0),H3,200.0,MOVER_ASIGNAR,0,1371513.90,599.04,614.68,491,209
H3:ociosa(200.0),H3,200.0,MOVER_ASIGNAR,1,1246574.60,571.71,1086.35,114,196
H3:ociosa(200.0),H3,200.0,MOVER_ASIGNAR,2,1387138.10,553.95,563.33,117,121
H3:ociosa(200.0),H3,200.0,MOVER_ASIGNAR,3,1210541.40,523.44,534.65,48,47
H3:ociosa(200.0),H3,200.0,MOVER_ASIGNAR,4,1246009.50,537.79,578.20,62,47
H3:ociosa(200.0),H3,200.0,MOVER_ASIGNAR,5,1325855.90,593.05,694.58,164,142
H3:ociosa(200.0),H3,200.0,MOVER_ASIGNAR,6,1241188.00,620.37,631.86,38,42
H3:ociosa(200.0),H3,200.0,MOVER_ASIGNAR,7,1175226.30,506.39,703.97,19,33
H3:ociosa(200.0),H3,200.0,MOVER_ASIGNAR,8,1287780.00,538.60,575.87,225,162
H3:ociosa(200.0),H3,200.0,MOVER_ASIGNAR,9,1291250.90,627.19,722.62,200,242
H1:beneficio,H1,0,MOVER_ASIGNAR_CENTRALES,0,1384309.30,697.09,861.87,15,8
H1:beneficio,H1,0,MOVER_ASIGNAR_CENTRALES,1,1365110.20,789.84,849.60,10,12
H1:beneficio,H1,0,MOVER_ASIGNAR_CENTRALES,2,1394281.10,593.22,613.53,9,11
H1:beneficio,H1,0,MOVER_ASIGNAR_CENTRALES,3,1301053.20,599.72,622.00,9,10
H1:beneficio,H1,0,MOVER_ASIGNAR_CENTRALES,4,1335260.30,649.49,669.36,15,14
H1:beneficio,H1,0,MOVER_ASIGNAR_CENTRALES,5,1433767.80,764.60,782.87,11,10
H1:beneficio,H1,0,MOVER_ASIGNAR_CENTRALES,6,1339287.70,799.94,820.31,5,9
H1:beneficio,H1,0,MOVER_ASIGNAR_CENTRALES,7,1291024.50,671.29,690.04,6,9
H1:beneficio,H1,0,MOVER_ASIGNAR_CENTRALES,8,1393444.60,718.73,748.14,14,12
H1:beneficio,H1,0,MOVER_ASIGNAR_CENTRALES,9,1351289.20,847.92,869.40,10,13
H2:perdidas(1.0),H2,1.0,MOVER_ASIGNAR_CENTRALES,0,1393196.80,660.52,802.62,97,49
H2:perdidas(1.0),H2,1.0,MOVER_ASIGNAR_CENTRALES,1,1365110.20,788.02,849.60,17,17
H2:perdidas(1.0),H2,1.0,MOVER_ASIGNAR_CENTRALES,2,1394281.10,590.96,613.53,12,13
H2:perdidas(1.0),H2,1.0,MOVER_ASIGNAR_CENTRALES,3,1301053.20,598.03,622.00,8,12
H2:perdidas(1.0),H2,1.0,MOVER_ASIGNAR_CENTRALES,4,1335260.30,648.16,669.36,18,18
H2:perdidas(1.0),H2,1.0,MOVER_ASIGNAR_CENTRALES,5,1439849.30,746.86,765.66,32,30
H2:perdidas(1.0),H2,1.0,MOVER_ASIGNAR_CENTRALES,6,1339287.70,799.94,820.31,6,9
H2:perdidas(1.0),H2,1.0,MOVER_ASIGNAR_CENTRALES,7,1291024.50,669.84,690.04,4,11
H2:perdidas(1.0),H2,1.0,MOVER_ASIGNAR_CENTRALES,8,1395079.60,707.77,737.24,25,29
H2:perdidas(1.0),H2,1.0,MOVER_ASIGNAR_CENTRALES,9,1352284.70,851.14,871.23,16,23
H2:perdidas(10.0),H2,10.0,MOVER_ASIGNAR_CENTRALES,0,1393196.80,660.52,802.62,103,49
H2:perdidas(10.0),H2,10.0,MOVER_ASIGNAR_CENTRALES,1,1365110.20,788.02,849.60,15,17
H2:perdidas(10.0),H2,10.0,MOVER_ASIGNAR_CENTRALES,2,1395921.10,584.26,601.03,14,15
H2:perdidas(10.0),H2,10.0,MOVER_ASIGNAR_CENTRALES,3,1300492.70,588.23,619.33,13,14
H2:perdidas(10.0),H2,10.0,MOVER_ASIGNAR_CENTRALES,4,1335260.30,648.16,669.36,19,18
H2:perdidas(10.0),H2,10.0,MOVER_ASIGNAR_CENTRALES,5,1439849.30,746.86,765.66,25,30
H2:perdidas(10.0),H2,10.0,MOVER_ASIGNAR_CENTRALES,6,1339287.70,799.94,820.31,6,9
H2:perdidas(10.0),H2,10.0,MOVER_ASIGNAR_CENTRALES,7,1291024.50,669.84,690.04,5,11
H2:perdidas(10.0),H2,10.0,MOVER_ASIGNAR_CENTRALES,8,1395078.10,713.90,737.25,23,21
H2:perdidas(10.0),H2,10.0,MOVER_ASIGNAR_CENTRALES,9,1356035.70,799.46,845.61,9,12
H2:perdidas(50.0),H2,50.0,MOVER_ASIGNAR_CENTRALES,0,1393196.80,660.52,802.62,91,49
H2:perdidas(50.0),H2,50.0,MOVER_ASIGNAR_CENTRALES,1,1339093.00,675.68,1042.80,13,16
H2:perdidas(50.0),H2,50.0,MOVER_ASIGNAR_CENTRALES,2,1395921.10,584.26,601.03,13,15
H2:perdidas(50.0),H2,50.0,MOVER_ASIGNAR_CENTRALES,3,1300492.70,588.23,619.33,15,14
H2:perdidas(50.0),H2,50.0,MOVER_ASIGNAR_CENTRALES,4,1336511.80,637.05,662.23,17,23
H2:perdidas(50.0),H2,50.0,MOVER_ASIGNAR_CENTRALES,5,1439849.30,746.86,765.66,24,30
H2:perdidas(50.0),H2,50.0,MOVER_ASIGNAR_CENTRALES,6,1339287.70,799.94,820.31,6,9
H2:perdidas(50.0),H2,50.0,MOVER_ASIGNAR_CENTRALES,7,1291024.50,669.84,690.04,6,11
H2:perdidas(50.0),H2,50.0,MOVER_ASIGNAR_CENTRALES,8,1395078.10,713.90,737.25,26,21
H2:perdidas(50.0),H2,50.0,MOVER_ASIGNAR_CENTRALES,9,1364872.70,763.07,791.97,24,34
H2:perdidas(200.0),H2,200.0,MOVER_ASIGNAR_CENTRALES,0,1372871.80,555.23,909.80,51,26
H2:perdidas(200.0),H2,200.0,MOVER_ASIGNAR_CENTRALES,1,1361428.00,692.54,933.82,16,17
H2:perdidas(200.0),H2,200.0,MOVER_ASIGNAR_CENTRALES,2,1396172.10,579.94,592.87,15,13
H2:perdidas(200.0),H2,200.0,MOVER_ASIGNAR_CENTRALES,3,1300492.70,588.23,619.33,12,14
H2:perdidas(200.0),H2,200.0,MOVER_ASIGNAR_CENTRALES,4,1338227.80,624.19,665.41,16,20
H2:perdidas(200.0),H2,200.0,MOVER_ASIGNAR_CENTRALES,5,1416138.50,658.22,682.01,13,15
H2:perdidas(200.0),H2,200.0,MOVER_ASIGNAR_CENTRALES,6,1335877.70,761.38,782.89,6,10
H2:perdidas(200.0),H2,200.0,MOVER_ASIGNAR_CENTRALES,7,1291024.50,669.84,690.04,4,11
H2:perdidas(200.0),H2,200.0,MOVER_ASIGNAR_CENTRALES,8,1368599.40,646.22,686.78,27,25
H2:perdidas(200.0),H2,200.0,MOVER_ASIGNAR_CENTRALES,9,1347388.60,664.89,699.46,15,20
H3:ociosa(1.0),H3,1.0,MOVER_ASIGNAR_CENTRALES,0,1402245.30,774.06,784.87,200,99
H3:ociosa(1.0),H3,1.0,MOVER_ASIGNAR_CENTRALES,1,1365110.20,834.89,849.60,68,67
H3:ociosa(1.0),H3,1.0,MOVER_ASIGNAR_CENTRALES,2,1394281.10,598.64,613.53,23,27
H3:ociosa(1.0),H3,1.0,MOVER_ASIGNAR_CENTRALES,3,1301053.20,607.46,622.00,22,33
H3:ociosa(1.0),H3,1.0,MOVER_ASIGNAR_CENTRALES,4,1336209.80,652.31,667.25,20,24
H3:ociosa(1.0),H3,1.0,MOVER_ASIGNAR_CENTRALES,5,1433767.80,770.02,782.87,22,23
H3:ociosa(1.0),H3,1.0,MOVER_ASIGNAR_CENTRALES,6,1340457.70,804.41,817.71,11,21
H3:ociosa(1.0),H3,1.0,MOVER_ASIGNAR_CENTRALES,7,1291024.50,673.30,690.04,8,18
H3:ociosa(1.0),H3,1.0,MOVER_ASIGNAR_CENTRALES,8,1393461.10,736.10,748.03,53,55
H3:ociosa(1.0),H3,1.0,MOVER_ASIGNAR_CENTRALES,9,1351289.20,856.42,869.40,21,37
H3:ociosa(10.0),H3,10.0,MOVER_ASIGNAR_CENTRALES,0,1402245.30,774.06,784.87,192,99
H3:ociosa(10.0),H3,10.0,MOVER_ASIGNAR_CENTRALES,1,1365110.20,834.89,849.60,70,67
H3:ociosa(10.0),H3,10.0,MOVER_ASIGNAR_CENTRALES,2,1387197.60,616.22,630.54,23,35
H3:ociosa(10.0),H3,10.0,MOVER_ASIGNAR_CENTRALES,3,1301053.20,607.46,622.00,20,33
H3:ociosa(10.0),H3,10.0,MOVER_ASIGNAR_CENTRALES,4,1336209.80,652.31,667.25,22,24
H3:ociosa(10.0),H3,10.0,MOVER_ASIGNAR_CENTRALES,5,1433767.80,770.02,782.87,21,23
H3:ociosa(10.0),H3,10.0,MOVER_ASIGNAR_CENTRALES,6,1340457.70,804.41,817.71,11,21
H3:ociosa(10.0),H3,10.0,MOVER_ASIGNAR_CENTRALES,7,1291024.50,673.30,690.04,6,18
H3:ociosa(10.0),H3,10.0,MOVER_ASIGNAR_CENTRALES,8,1393461.10,736.10,748.03,53,55
H3:ociosa(10.0),H3,10.0,MOVER_ASIGNAR_CENTRALES,9,1348033.70,869.31,883.01,20,46
H3:ociosa(50.0),H3,50.0,MOVER_ASIGNAR_CENTRALES,0,1402245.30,774.06,784.87,198,99
H3:ociosa(50.0),H3,50.0,MOVER_ASIGNAR_CENTRALES,1,1353609.90,910.17,924.01,10,13
H3:ociosa(50.0),H3,50.0,MOVER_ASIGNAR_CENTRALES,2,1387197.60,616.22,630.54,29,35
H3:ociosa(50.0),H3,50.0,MOVER_ASIGNAR_CENTRALES,3,1300672.70,613.85,626.87,19,29
H3:ociosa(50.0),H3,50.0,MOVER_ASIGNAR_CENTRALES,4,1337114.80,653.62,670.19,15,17
H3:ociosa(50.0),H3,50.0,MOVER_ASIGNAR_CENTRALES,5,1433767.80,770.02,782.87,22,23
H3:ociosa(50.0),H3,50.0,MOVER_ASIGNAR_CENTRALES,6,1340457.70,804.41,817.71,10,21
H3:ociosa(50.0),H3,50.0,MOVER_ASIGNAR_CENTRALES,7,1291024.50,673.30,690.04,4,18
H3:ociosa(50.0),H3,50.0,MOVER_ASIGNAR_CENTRALES,8,1389001.10,762.04,776.87,30,39
H3:ociosa(50.0),H3,50.0,MOVER_ASIGNAR_CENTRALES,9,1335123.20,898.27,912.64,30,52
H3:ociosa(200.0),H3,200.0,MOVER_ASIGNAR_CENTRALES,0,1344165.50,749.53,764.86,70,59
H3:ociosa(200.0),H3,200.0,MOVER_ASIGNAR_CENTRALES,1,1353609.90,910.17,924.01,10,13
H3:ociosa(200.0),H3,200.0,MOVER_ASIGNAR_CENTRALES,2,1387197.60,616.22,630.54,22,35
H3:ociosa(200.0),H3,200.0,MOVER_ASIGNAR_CENTRALES,3,1299243.20,606.08,620.24,21,36
H3:ociosa(200.0),H3,200.0,MOVER_ASIGNAR_CENTRALES,4,1337762.80,672.42,687.79,26,27
H3:ociosa(200.0),H3,200.0,MOVER_ASIGNAR_CENTRALES,5,1404511.80,849.70,864.51,8,12
H3:ociosa(200.0),H3,200.0,MOVER_ASIGNAR_CENTRALES,6,1342279.20,794.63,807.42,8,15
H3:ociosa(200.0),H3,200.0,MOVER_ASIGNAR_CENTRALES,7,1276088.50,733.62,751.36,12,37
H3:ociosa(200.0),H3,200.0,MOVER_ASIGNAR_CENTRALES,8,1364009.10,819.30,833.23,36,37
H3:ociosa(200.0),H3,200.0,MOVER_ASIGNAR_CENTRALES,9,1348338.20,855.41,869.14,25,36
